flansmod:americanSnowHelmet:0,50.0,25.0,1
flansmod:americanHelmet:0,50.0,25.0,1
flansmod:britishHelmet:0,50.0,25.0,1
flansmod:britishDesertHelmet:0,50.0,25.0,1
flansmod:germanForestHelmet:0,50.0,25.0,1
flansmod:germanSnowHelmet:0,50.0,25.0,1
flansmod:russianHelmet:0,50.0,25.0,1
flansmod:japaneseHelmet:0,50.0,25.0,1
flansmod:americanSnowCoat:0,100.0,50.0,1
flansmod:americanCoat:0,100.0,50.0,1
flansmod:britishCoat:0,100.0,50.0,1
flansmod:britishDesertCoat:0,100.0,50.0,1
flansmod:germanForestCoat:0,100.0,50.0,1
flansmod:germanSnowCoat:0,100.0,50.0,1
flansmod:russianCoat:0,100.0,50.0,1
flansmod:japaneseCoat:0,100.0,50.0,1
flansmod:americanSnowPants:0,50.0,25.0,1
flansmod:americanPants:0,50.0,25.0,1
flansmod:britishPants:0,50.0,25.0,1
flansmod:britishDesertPants:0,50.0,25.0,1
flansmod:germanForestPants:0,50.0,25.0,1
flansmod:germanSnowPants:0,50.0,25.0,1
flansmod:russianPants:0,50.0,25.0,1
flansmod:japanesePants:0,50.0,25.0,1
flansmod:americanSnowBoots:0,50.0,25.0,1
flansmod:americanBoots:0,50.0,25.0,1
flansmod:britishBoots:0,50.0,25.0,1
flansmod:britishDesertBoots:0,50.0,25.0,1
flansmod:germanForestBoots:0,50.0,25.0,1
flansmod:germanSnowBoots:0,50.0,25.0,1
flansmod:russianBoots:0,50.0,25.0,1
flansmod:japaneseBoots:0,50.0,25.0,1
flansmod:balaclava:0,50.0,25.0,1
flansmod:SWATHelmet:0,150.0,75.0,4
flansmod:gignHelmet:0,150.0,75.0,6
flansmod:spetsnazHelmet:0,400.0,200.0,20
flansmod:marineHelmet:0,400.0,200.0,20
flansmod:kskHelmet:0,420.0,210.0,36
flansmod:sasHelmet:0,600.0,300.0,56
flansmod:juggernautHelmet:0,1750.0,875.0,63
flansmod:blackSweater:0,80.0,40.0,1
flansmod:SWATBody:0,300.0,150.0,4
flansmod:gignBody:0,300.0,150.0,6
flansmod:spetsnazBody:0,800.0,400.0,20
flansmod:marineBody:0,800.0,400.0,20
flansmod:kskBody:0,850.0,420.0,36
flansmod:sasBody:0,1200.0,600.0,56
flansmod:juggernautBody:0,2500.0,1250.0,63
flansmod:blackTrousers:0,50.0,25.0,1
flansmod:bodyArmour:0,1000.0,500.0,25
flansmod:gignPants:0,160.0,80.0,6
flansmod:spetsnazPants:0,420.0,210.0,20
flansmod:marinePants:0,420.0,210.0,20
flansmod:kskPants:0,450.0,275.0,36
flansmod:sasPants:0,670.0,335.0,56
flansmod:juggernautPants:0,2000.0,1000.0,63
flansmod:policeJacket:0,250.0,100.0,11
flansmod:policeHat:0,80.0,40.0,70
flansmod:gignBoots:0,130.0,65.0,6
flansmod:spetsnazBoots:0,350.0,175.0,20
flansmod:marineBoots:0,350.0,175.0,20
flansmod:kskBoots:0,360.0,180.0,36
flansmod:sasBoots:0,550.0,270.0,56
flansmod:juggernautBoots:0,1500.0,750.0,63
flansmod:flagpole:0,500.0,100.0,1
flansmod:codelock:0,50.0,25.0,1
flansmod:teamsSpawner:0,1200.0,600.0,5
mcbblocks:blockTimber:0,3.0,1.0,2
mcbblocks:blockConcrete:0,6.0,3.0,5
mcbblocks:blockSteel:0,50.0,20.0,10
mcbblocks:blockBulletproofGlass:0,80.0,40.0,15
mcbblocks:blockExplosiveResistantGlass:0,400.0,200.0,25
flansmod:sentryGun:0,2250.0,0.0,30
minecraft:spawn_egg:35,1500.0,750.0,13
mcbblocks:lockpick:0,1500.0,750.0,15
flansmod:largeElectricEngine:0,100000.0,50000.0,60
flansmod:dBattery:0,1000.0,500.0,52
mcbblocks:blockSafe:0,7000.0,3500.0,3
mcbblocks:itemSteelDoor:0,500.0,200.0,43
flansmod:foundation0:0,4000.0,2000.0,1
flansmod:foundation1:0,20000.0,10000.0,23
flansmod:foundation2:0,35000.0,18000.0,55
mcbblocks:xrayScanner:0,50000.0,20000.0,28
flansmod:GFS_CIWSPhalanx:0,7000.0,3500.0,30
flansmod:GFS_CIWSPantsir:0,8000.0,4000.0,46
minecraft:stone:0,1.0,0.5,1
minecraft:stone:1,1.0,0.5,1
minecraft:stone:2,1.0,0.5,1
minecraft:stone:3,1.0,0.5,1
minecraft:stone:4,1.0,0.5,1
minecraft:stone:5,1.0,0.5,1
minecraft:stone:6,1.0,0.5,1
minecraft:dirt:0,0.5,0.2,1
minecraft:cobblestone:0,0.5,0.2,1
minecraft:planks:0,2.0,1.0,1
minecraft:planks:1,2.0,1.0,1
minecraft:planks:2,2.0,1.0,1
minecraft:planks:3,2.0,1.0,1
minecraft:planks:4,2.0,1.0,1
minecraft:planks:5,2.0,1.0,1
minecraft:sand:0,1.0,0.5,1
minecraft:sand:1,1.0,0.5,1
minecraft:gravel:0,3.0,1.0,1
minecraft:log:0,8.0,4.0,1
minecraft:log:1,8.0,4.0,1
minecraft:log:2,8.0,4.0,1
minecraft:log:3,8.0,4.0,1
minecraft:glass:0,4.0,2.0,1
minecraft:lapis_block:0,90.0,45.0,1
minecraft:sandstone:0,4.0,2.0,1
minecraft:sandstone:1,4.0,2.0,1
minecraft:sandstone:2,4.0,2.0,1
minecraft:wool:0,4.0,2.0,1
minecraft:wool:1,4.0,2.0,1
minecraft:wool:2,4.0,2.0,1
minecraft:wool:3,4.0,2.0,1
minecraft:wool:4,4.0,2.0,1
minecraft:wool:5,4.0,2.0,1
minecraft:wool:6,4.0,2.0,1
minecraft:wool:7,4.0,2.0,1
minecraft:wool:8,4.0,2.0,1
minecraft:wool:9,4.0,2.0,1
minecraft:wool:10,4.0,2.0,1
minecraft:wool:11,4.0,2.0,1
minecraft:wool:12,4.0,2.0,1
minecraft:wool:13,4.0,2.0,1
minecraft:wool:14,4.0,2.0,1
minecraft:wool:15,4.0,2.0,1
minecraft:gold_block:0,900.0,450.0,5
minecraft:iron_block:0,450.0,225.0,3
minecraft:stone_slab:0,0.5,0.25,1
minecraft:stone_slab:1,2.0,1.0,1
minecraft:stone_slab:3,0.25,0.1,1
minecraft:stone_slab:4,2.0,1.0,1
minecraft:stone_slab:5,0.5,0.25,1
minecraft:stone_slab:6,1.5,0.75,1
minecraft:stone_slab:7,2.0,1.0,1
minecraft:brick_block:0,4.0,2.0,1
minecraft:bookshelf:0,45.0,15.0,1
minecraft:obsidian:0,5000.0,1500.0,50
minecraft:oak_stairs:0,3.0,1.5,1
minecraft:stone_stairs:0,0.75,0.3,1
minecraft:snow:0,4.0,1.0,1
minecraft:clay:0,15.0,5.0,1
minecraft:pumpkin:0,6.0,1.0,1
minecraft:netherrack:0,1.0,0.5,1
minecraft:soul_sand:0,24.0,12.0,1
minecraft:glowstone:0,40.0,20.0,1
minecraft:stained_glass:0,5.0,2.5,1
minecraft:stained_glass:1,5.0,2.5,1
minecraft:stained_glass:2,5.0,2.5,1
minecraft:stained_glass:3,5.0,2.5,1
minecraft:stained_glass:4,5.0,2.5,1
minecraft:stained_glass:5,5.0,2.5,1
minecraft:stained_glass:6,5.0,2.5,1
minecraft:stained_glass:7,5.0,2.5,1
minecraft:stained_glass:8,5.0,2.5,1
minecraft:stained_glass:9,5.0,2.5,1
minecraft:stained_glass:10,5.0,2.5,1
minecraft:stained_glass:11,5.0,2.5,1
minecraft:stained_glass:12,5.0,2.5,1
minecraft:stained_glass:13,5.0,2.5,1
minecraft:stained_glass:14,5.0,2.5,1
minecraft:stained_glass:15,5.0,2.5,1
minecraft:stonebrick:0,1.0,0.5,1
minecraft:stonebrick:1,1.0,0.5,1
minecraft:stonebrick:2,1.0,0.5,1
minecraft:stonebrick:3,1.0,0.5,1
minecraft:melon_block:0,9.0,2.25,1
minecraft:brick_stairs:0,6.0,3.0,1
minecraft:stone_brick_stairs:0,1.5,0.75,1
minecraft:nether_brick:0,3.0,1.5,1
minecraft:nether_brick_stairs:0,4.5,2.0,1
minecraft:end_stone:0,25.0,15.0,1
minecraft:wooden_slab:0,1.0,0.5,1
minecraft:wooden_slab:1,1.0,0.5,1
minecraft:wooden_slab:2,1.0,0.5,1
minecraft:wooden_slab:3,1.0,0.5,1
minecraft:wooden_slab:4,1.0,0.5,1
minecraft:wooden_slab:5,1.0,0.5,1
minecraft:sandstone_stairs:0,6.0,3.0,1
minecraft:emerald_block:0,1440.0,720.0,1
minecraft:spruce_stairs:0,3.0,1.5,1
minecraft:birch_stairs:0,3.0,1.5,1
minecraft:jungle_stairs:0,3.0,1.5,1
minecraft:cobblestone_wall:0,0.5,0.25,1
minecraft:quartz_block:0,4.0,2.0,1
minecraft:quartz_block:1,4.0,2.0,1
minecraft:quartz_block:2,4.0,2.0,1
minecraft:quartz_stairs:0,6.0,3.0,1
minecraft:stained_hardened_clay:0,6.0,3.0,1
minecraft:stained_hardened_clay:1,6.0,3.0,1
minecraft:stained_hardened_clay:2,6.0,3.0,1
minecraft:stained_hardened_clay:3,6.0,3.0,1
minecraft:stained_hardened_clay:4,6.0,3.0,1
minecraft:stained_hardened_clay:5,6.0,3.0,1
minecraft:stained_hardened_clay:6,6.0,3.0,1
minecraft:stained_hardened_clay:7,6.0,3.0,1
minecraft:stained_hardened_clay:8,6.0,3.0,1
minecraft:stained_hardened_clay:9,6.0,3.0,1
minecraft:stained_hardened_clay:10,6.0,3.0,1
minecraft:stained_hardened_clay:11,6.0,3.0,1
minecraft:stained_hardened_clay:12,6.0,3.0,1
minecraft:stained_hardened_clay:13,6.0,3.0,1
minecraft:stained_hardened_clay:14,6.0,3.0,1
minecraft:stained_hardened_clay:15,6.0,3.0,1
minecraft:log2:0,8.0,4.0,1
minecraft:log2:1,8.0,4.0,1
minecraft:acacia_stairs:0,3.0,1.5,1
minecraft:dark_oak_stairs:0,3.0,1.5,1
minecraft:sea_lantern:0,20.0,5.0,1
minecraft:hay_block:0,72.0,27.0,1
minecraft:hardened_clay:0,6.0,3.0,1
minecraft:coal_block:0,135.0,67.5,1
minecraft:red_sandstone:0,4.0,2.0,1
minecraft:red_sandstone:1,4.0,2.0,1
minecraft:red_sandstone:2,4.0,2.0,1
minecraft:red_sandstone_stairs:0,6.0,3.0,1
minecraft:stone_slab2:0,2.0,1.0,1
minecraft:stone_slab2:0,2.0,1.0,1
minecraft:ice:0,500.0,5.0,5
minecraft:packed_ice:0,750.0,20.0,10
minecraft:dispenser:0,25.0,12.0,1
minecraft:noteblock:0,25.0,12.0,1
minecraft:sticky_piston:0,50.0,25.0,1
minecraft:piston:0,30.0,15.0,1
minecraft:tnt:0,200.0,100.0,1
minecraft:lever:0,2.0,1.0,1
minecraft:stone_pressure_plate:0,2.0,1.0,1
minecraft:wooden_pressure_plate:0,4.0,2.0,1
minecraft:stone_button:0,1.0,0.5,1
minecraft:trapdoor:0,6.0,3.0,1
minecraft:fence_gate:0,8.0,4.0,1
minecraft:redstone_lamp:0,160.0,80.0,1
minecraft:tripwire_hook:0,28.0,14.0,1
minecraft:wooden_button:0,2.0,1.0,1
minecraft:light_weighted_pressure_plate:0,200.0,100.0,1
minecraft:heavy_weighted_pressure_plate:0,100.0,50.0,1
minecraft:daylight_detector:0,20.0,10.0,1
minecraft:redstone_block:0,180.0,90.0,1
minecraft:hopper:0,260.0,130.0,1
minecraft:dropper:0,22.0,11.0,1
minecraft:iron_trapdoor:0,200.0,50.0,1
minecraft:spruce_fence_gate:0,8.0,4.0,1
minecraft:birch_fence_gate:0,8.0,4.0,1
minecraft:jungle_fence_gate:0,8.0,4.0,1
minecraft:dark_oak_fence_gate:0,8.0,4.0,1
minecraft:acacia_fence_gate:0,8.0,4.0,1
minecraft:wooden_door:0,4.0,2.0,1
minecraft:iron_door:0,100.0,50.0,1
minecraft:repeater:0,60.0,30.0,1
minecraft:comparator:0,70.0,35.0,1
minecraft:spruce_door:0,4.0,2.0,1
minecraft:birch_door:0,4.0,2.0,1
minecraft:jungle_door:0,4.0,2.0,1
minecraft:acacia_door:0,4.0,2.0,1
minecraft:dark_oak_door:0,4.0,2.0,1
minecraft:yellow_flower:0,5.0,1.5,1
minecraft:red_flower:0,5.0,1.5,1
minecraft:red_flower:1,5.0,1.5,1
minecraft:red_flower:2,5.0,1.5,1
minecraft:red_flower:3,5.0,1.5,1
minecraft:red_flower:4,5.0,1.5,1
minecraft:red_flower:5,5.0,1.5,1
minecraft:red_flower:6,5.0,1.5,1
minecraft:red_flower:7,5.0,1.5,1
minecraft:red_flower:8,5.0,1.5,1
minecraft:brown_mushroom:0,10.0,4.0,1
minecraft:red_mushroom:0,10.0,4.0,1
minecraft:web:0,10.0,4.0,10
minecraft:torch:0,4.0,1.25,1
minecraft:chest:0,16.0,8.0,1
minecraft:crafting_table:0,8.0,4.0,1
minecraft:furnace:0,4.0,2.0,1
minecraft:ladder:0,2.0,1.0,1
minecraft:cactus:0,5.0,1.0,1
minecraft:fence:0,4.0,2.0,1
minecraft:iron_bars:0,18.0,9.0,1
minecraft:glass_pane:0,1.5,0.75,1
minecraft:nether_brick_fence:0,3.0,1.5,1
minecraft:ender_chest:0,100000.0,50.0,30
minecraft:anvil:0,1550.0,750.0,1
minecraft:anvil:1,900.0,400.0,1
minecraft:anvil:2,500.0,250.0,1
minecraft:trapped_chest:0,40.0,20.0,1
minecraft:stained_glass_pane:0,2.0,1.0,1
minecraft:stained_glass_pane:1,2.0,1.0,1
minecraft:stained_glass_pane:2,2.0,1.0,1
minecraft:stained_glass_pane:3,2.0,1.0,1
minecraft:stained_glass_pane:4,2.0,1.0,1
minecraft:stained_glass_pane:5,2.0,1.0,1
minecraft:stained_glass_pane:6,2.0,1.0,1
minecraft:stained_glass_pane:7,2.0,1.0,1
minecraft:stained_glass_pane:8,2.0,1.0,1
minecraft:stained_glass_pane:9,2.0,1.0,1
minecraft:stained_glass_pane:10,2.0,1.0,1
minecraft:stained_glass_pane:11,2.0,1.0,1
minecraft:stained_glass_pane:12,2.0,1.0,1
minecraft:stained_glass_pane:13,2.0,1.0,1
minecraft:stained_glass_pane:14,2.0,1.0,1
minecraft:stained_glass_pane:15,2.0,1.0,1
minecraft:carpet:0,2.5,1.2,1
minecraft:carpet:1,2.5,1.2,1
minecraft:carpet:2,2.5,1.2,1
minecraft:carpet:3,2.5,1.2,1
minecraft:carpet:4,2.5,1.2,1
minecraft:carpet:5,2.5,1.2,1
minecraft:carpet:6,2.5,1.2,1
minecraft:carpet:7,2.5,1.2,1
minecraft:carpet:8,2.5,1.2,1
minecraft:carpet:9,2.5,1.2,1
minecraft:carpet:10,2.5,1.2,1
minecraft:carpet:11,2.5,1.2,1
minecraft:carpet:12,2.5,1.2,1
minecraft:carpet:13,2.5,1.2,1
minecraft:carpet:14,2.5,1.2,1
minecraft:carpet:15,2.5,1.2,1
minecraft:double_plant:0,12.0,3.0,1
minecraft:double_plant:1,12.0,3.0,1
minecraft:double_plant:4,12.0,3.0,1
minecraft:double_plant:5,12.0,3.0,1
minecraft:spruce_fence:0,4.0,2.0,1
minecraft:birch_fence:0,4.0,2.0,1
minecraft:jungle_fence:0,4.0,2.0,1
minecraft:dark_oak_fence:0,4.0,2.0,1
minecraft:acacia_fence:0,4.0,2.0,1
minecraft:painting:0,12.0,6.0,1
minecraft:sign:0,3.0,1.5,1
minecraft:bed:0,20.0,10.0,1
minecraft:flower_pot:0,3.0,1.5,1
flansmod:flanGunRack:0,500.0,0.0,15
minecraft:sapling:0,5.0,2.0,1
minecraft:sapling:1,8.0,3.0,1
minecraft:sapling:2,5.0,2.0,1
minecraft:sapling:3,9.0,3.0,1
minecraft:sapling:4,5.0,2.0,1
minecraft:sapling:5,6.0,2.0,1
minecraft:record_13:0,1000.0,0.0,1
minecraft:record_cat:0,1000.0,0.0,1
minecraft:record_blocks:0,1000.0,0.0,1
minecraft:record_chirp:0,1000.0,0.0,1
minecraft:record_far:0,1000.0,0.0,1
minecraft:record_mall:0,1000.0,0.0,1
minecraft:record_mellohi:0,1000.0,0.0,1
minecraft:record_stal:0,1000.0,0.0,1
minecraft:record_strad:0,1000.0,0.0,1
minecraft:record_ward:0,1000.0,0.0,1
minecraft:record_11:0,1000.0,0.0,1
minecraft:record_wait:0,1000.0,0.0,1
minecraft:cauldron:0,350.0,50.0,1
flansmod:flansWorkbench:1,15000.0,7000.0,71
minecraft:vine:0,5.0,2.5,1
minecraft:compass:0,200.0,50.0,1
minecraft:clock:0,400.0,50.0,1
minecraft:apple:0,30.0,15.0,1
minecraft:mushroom_stew:0,20.0,8.0,1
minecraft:bread:0,15.0,5.0,1
minecraft:porkchop:0,10.0,5.0,1
minecraft:cooked_porkchop:0,16.0,8.0,1
minecraft:fish:0,10.0,5.0,1
minecraft:fish:1,15.0,7.0,1
minecraft:fish:2,15.0,7.0,1
minecraft:fish:3,15.0,7.0,1
minecraft:cooked_fish:0,16.0,8.0,1
minecraft:cooked_fish:1,16.0,8.0,1
minecraft:cake:0,60.0,30.0,1
minecraft:cookie:0,5.0,1.0,1
minecraft:melon:0,1.0,0.25,1
minecraft:beef:0,10.0,5.0,1
minecraft:cooked_beef:0,16.0,8.0,1
minecraft:chicken:0,10.0,5.0,1
minecraft:cooked_chicken:0,16.0,8.0,1
minecraft:rotten_flesh:0,2.0,1.0,1
minecraft:spider_eye:0,4.0,2.0,1
minecraft:carrot:0,6.0,3.0,1
minecraft:potato:0,6.0,3.0,1
minecraft:baked_potato:0,8.0,3.0,1
minecraft:pumpkin_pie:0,12.0,4.0,1
minecraft:rabbit:0,10.0,5.0,1
minecraft:cooked_rabbit:0,16.0,8.0,1
minecraft:rabbit_stew:0,12.0,6.0,1
minecraft:mutton:0,10.0,5.0,1
minecraft:cooked_mutton:0,16.0,8.0,1
flansmod:mwMedicBag:0,400.0,200.0,5
flansmod:mwMedKit:0,250.0,120.0,2
minecraft:coal:0,15.0,7.5,1
minecraft:coal:1,15.0,5.0,1
minecraft:diamond:0,500.0,300.0,10
minecraft:iron_ingot:0,50.0,25.0,3
minecraft:gold_ingot:0,100.0,50.0,5
minecraft:stick:0,1.0,0.5,1
minecraft:bowl:0,1.5,0.75,1
minecraft:string:0,4.0,2.0,1
minecraft:feather:0,5.0,2.5,1
minecraft:gunpowder:0,40.0,20.0,2
minecraft:wheat_seeds:0,1.0,0.5,1
minecraft:wheat:0,8.0,3.0,1
minecraft:flint:0,8.0,2.0,1
minecraft:leather:0,15.0,5.0,1
minecraft:brick:0,1.0,0.5,1
minecraft:clay_ball:0,2.0,1.0,1
minecraft:reeds:0,5.0,2.5,1
minecraft:egg:0,5.0,1.0,1
minecraft:glowstone_dust:0,10.0,4.0,1
minecraft:dye:0,5.0,1.5,1
minecraft:dye:1,5.0,1.5,1
minecraft:dye:2,5.0,1.5,1
minecraft:dye:3,5.0,1.5,1
minecraft:dye:4,10.0,5.0,1
minecraft:dye:5,5.0,1.5,1
minecraft:dye:6,5.0,1.5,1
minecraft:dye:7,5.0,1.5,1
minecraft:dye:8,5.0,1.5,1
minecraft:dye:9,5.0,1.5,1
minecraft:dye:10,5.0,1.5,1
minecraft:dye:11,5.0,1.5,1
minecraft:dye:12,5.0,1.5,1
minecraft:dye:13,5.0,1.5,1
minecraft:dye:14,5.0,1.5,1
minecraft:dye:15,5.0,1.5,1
minecraft:sugar:0,5.0,2.5,1
minecraft:pumpkin_seeds:0,1.5,0.25,1
minecraft:melon_seeds:0,1.0,0.25,1
minecraft:gold_nugget:0,11.0,5.0,1
minecraft:emerald:0,160.0,80.0,5
minecraft:netherbrick:0,1.0,0.5,1
minecraft:quartz:0,1.0,0.5,1
minecraft:prismarine_shard:0,1.0,0.5,1
minecraft:prismarine_crystals:0,1.0,0.5,1
minecraft:rabbit_hide:0,4.0,2.0,1
minecraft:bucket:0,150.0,75.0,1
minecraft:water_bucket:0,160.0,80.0,1
minecraft:milk_bucket:0,160.0,80.0,1
minecraft:paper:0,5.0,1.5,1
minecraft:book:0,15.0,5.0,1
minecraft:slime_ball:0,20.0,10.0,1
minecraft:bone:0,20.0,8.0,1
minecraft:experience_bottle:0,100.0,50.0,7
minecraft:redstone:0,20.0,10.0,1
flansmod:survivorHelmet:0,-1.0,25.0,-1
flansmod:survivorPants:0,-1.0,30.0,-1
flansmod:survivorBoots:0,-1.0,30.0,-1
flansmod:survivorBody:0,-1.0,50.0,-1
flansmod:dustbinLidChestplate:0,-1.0,100.0,-1
flansmod:labCoat:0,-1.0,50.0,-1
flansmod:flakJacket:0,-1.0,50.0,-1
flansmod:shopkeepersApron:0,-1.0,50.0,-1
flansmod:panHelmet:0,-1.0,100.0,-1
flansmod:bulldozerHelmet:0,-1.0,1400.0,-1
flansmod:bulldozerBody:0,-1.0,1800.0,-1
flansmod:bulldozerLegs:0,-1.0,800.0,-1
flansmod:bulldozerBoots:0,-1.0,800.0,-1
flansmod:bulldozerHelmet:0,-1.0,1400.0,-1
flansmod:exoskeletonHelmet:0,-1.0,2000.0,-1
flansmod:exoskeletonLegs:0,-1.0,2000.0,-1
flansmod:exoskeletonBoots:0,-1.0,2000.0,-1
flansmod:exoskeletonBody:0,-1.0,2000.0,-1
flansmod:juggernautHelmetBrown:0,-1.0,450.0,-1
flansmod:juggernautBodyBrown:0,-1.0,550.0,-1
flansmod:juggernautHelmetBrown:0,-1.0,450.0,-1
flansmod:juggernautBootsBrown:0,-1.0,450.0,-1
flansmod:akalfa:0,-1.0,750.0,-1
flansmod:hcar:0,-1.0,1000.0,-1
flansmod:goldDesertEagle:0,-1.0,500.0,-1
flansmod:minigun:0,-1.0,5000.0,-1
flansmod:barrett:0,-1.0,15000.0,-1
flansmod:ww2MedKit:0,-1.0,25.0,-1
flansmod:GFS_Su39:0,-1.0,6000.0,-1
flansmod:GFS_Ka50:0,-1.0,6500.0,-1
flansmod:ash12:0,-1.0,2000.0,-1
flansmod:mk47:0,-1.0,800.0,-1
flansmod:aa12Ammo:0,150.0,75.0,1
flansmod:acrAmmo:0,100.0,50.0,1
flansmod:ak47Ammo:0,100.0,50.0,1
flansmod:ak74Ammo:0,100.0,50.0,1
flansmod:at4Ammo:0,280.0,140.0,1
flansmod:augAmmo:0,250.0,125.0,1
flansmod:betaCMag:0,350.0,160.0,27
flansmod:bizonAmmo:0,100.0,50.0,1
flansmod:desertEagleAmmo:0,60.0,30.0,1
flansmod:dragunovAmmo:0,220.0,70.0,1
flansmod:fnscarAmmo:0,100.0,50.0,1
flansmod:g36Ammo:0,100.0,50.0,1
flansmod:g3Ammo:0,120.0,60.0,1
flansmod:glockAmmo:0,60.0,30.0,1
flansmod:Hydra70Ammo:0,1500.0,750.0,20
flansmod:juryAmmo:0,12.0,6.0,1
flansmod:l86Ammo:0,140.0,70.0,1
flansmod:l96Ammo:0,300.0,150.0,1
flansmod:m1014Ammo:0,10.0,5.0,11
flansmod:m14Ammo:0,120.0,60.0,1
flansmod:m16a4Ammo:0,100.0,50.0,1
flansmod:m1911Ammo:0,25.0,10.0,1
flansmod:m21Ammo:0,200.0,100.0,1
flansmod:m249Ammo:0,180.0,90.0,1
flansmod:m60Ammo:0,184.0,92.0,1
flansmod:m72lawAmmo:0,250.0,125.0,1
flansmod:m9Ammo:0,30.0,15.0,1
flansmod:makarovAmmo:0,16.0,5.0,1
flansmod:mp5Ammo:0,50.0,15.0,1
flansmod:MP7Ammo:0,70.0,35.0,1
flansmod:mtarAmmo:0,100.0,50.0,1
flansmod:p90Ammo:0,120.0,60.0,1
flansmod:panzerfaust3Ammo:0,250.0,125.0,1
flansmod:r700Ammo:0,30.0,15.0,1
flansmod:r870Ammo:0,15.0,7.5,17
flansmod:rpdAmmo:0,200.0,100.0,1
flansmod:rpgAmmo:0,250.0,125.0,1
flansmod:rpkAmmo:0,150.0,60.0,5
flansmod:sg550Ammo:0,100.0,50.0,1
flansmod:sigP226Ammo:0,26.0,13.0,1
flansmod:skorpionAmmo:0,32.0,16.0,1
flansmod:stingerAmmo:0,300.0,150.0,1
flansmod:uspAmmo:0,26.0,13.0,1
flansmod:uspPoisonAmmo:0,50.0,25.0,1
flansmod:uziAmmo:0,65.0,32.0,1
flansmod:w1200Ammo:0,5.0,2.5,1
flansmod:w1200IncendiaryAmmo:0,20.0,10.0,1
flansmod:50CalAmmo:0,750.0,375.0,5
flansmod:BARAmmo:0,80.0,40.0,1
flansmod:bazookaAmmo:0,200.0,100.0,1
flansmod:brenAmmo100:0,120.0,60.0,1
flansmod:brenAmmo30:0,80.0,40.0,1
flansmod:browningAmmo:0,600.0,300.0,5
flansmod:coltAmmo:0,16.0,8.0,1
flansmod:dp28Ammo:0,80.0,40.0,1
flansmod:Fg42Ammo:0,80.0,40.0,1
flansmod:flamethrowerAmmo:0,400.0,150.0,1
flansmod:G43Ammo:0,80.0,40.0,1
flansmod:kar98kAmmo:0,140.0,70.0,1
flansmod:leeEnfieldAmmo:0,140.0,70.0,1
flansmod:lugerAmmo:0,16.0,8.0,1
flansmod:m1CarbineAmmo:0,80.0,40.0,1
flansmod:m1GarandAmmo:0,140.0,70.0,1
flansmod:M3A1Ammo:0,80.0,40.0,1
flansmod:MG151Ammo:0,300.0,150.0,1
flansmod:mg42Ammo250:0,600.0,300.0,5
flansmod:mg42Ammo50:0,100.0,50.0,1
flansmod:nagantAmmo:0,140.0,70.0,1
flansmod:mp40Ammo:0,50.0,30.0,1
flansmod:panzerfaustAmmo:0,200.0,100.0,1
flansmod:panzerschreckAmmo:0,200.0,100.0,1
flansmod:PIATAmmo:0,200.0,100.0,1
flansmod:ppshAmmo:0,110.0,55.0,1
flansmod:springfieldAmmo:0,140.0,70.0,1
flansmod:stenAmmo:0,50.0,30.0,1
flansmod:mp44Ammo:0,80.0,40.0,1
flansmod:thompsonAmmo:0,80.0,40.0,1
flansmod:trenchgunAmmo:0,50.0,25.0,1
flansmod:tt33Ammo:0,16.0,8.0,1
flansmod:type100Ammo:0,80.0,40.0,1
flansmod:type14Ammo:0,16.0,8.0,1
flansmod:type38Ammo:0,140.0,70.0,1
flansmod:type99Ammo:0,80.0,40.0,1
flansmod:vickerskAmmo100:0,350.0,175.0,1
flansmod:webleyAmmo:0,20.0,10.0,1
flansmod:12gaugeShell:0,5.0,2.5,1
flansmod:12gaugeShellIncendiary:0,15.0,7.5,1
flansmod:3006Bullet:0,26.0,13.0,1
flansmod:357Magnum:0,26.0,13.0,1
flansmod:flareGunAmmo:0,60.0,30.0,1
flansmod:m4CarbineAmmo:0,100.0,50.0,1
flansmod:mp5kAmmo:0,32.0,16.0,1
flansmod:mwAmmoBag:0,2200.0,1100.0,10
flansmod:c4:0,400.0,200.0,7
flansmod:claymore:0,180.0,90.0,7
flansmod:grenadeLauncherAmmo:0,300.0,150.0,8
flansmod:grenadeLauncherBouncyAmmo:0,250.0,125.0,15
flansmod:grenadeLauncherGasAmmo:0,600.0,300.0,15
flansmod:grenadeLauncherIncendiaryAmmo:0,600.0,300.0,15
flansmod:m67:0,250.0,125.0,3
flansmod:millsBomb:0,250.0,125.0,3
flansmod:mk2Frag:0,250.0,125.0,3
flansmod:rgd33:0,250.0,125.0,3
flansmod:stielhandgranate:0,250.0,125.0,3
flansmod:type97:0,250.0,125.0,3
flansmod:aa12:0,1000.0,500.0,40
flansmod:acr:0,1200.0,600.0,21
flansmod:ak47:0,600.0,200.0,6
flansmod:ak74:0,550.0,150.0,3
flansmod:aug:0,1400.0,700.0,26
flansmod:mwBinoculars:0,1800.0,900.0,13
flansmod:bizon:0,600.0,200.0,7
flansmod:desertEagle:0,500.0,250.0,36
flansmod:dragunov:0,1000.0,250.0,17
flansmod:executioner:0,500.0,250.0,7
flansmod:FMG:0,700.0,300.0,9
flansmod:fnscar:0,2000.0,1000.0,35
flansmod:g3:0,1500.0,750.0,30
flansmod:g36:0,1300.0,650.0,25
flansmod:gl1:0,1100.0,550.0,10
flansmod:gl6:0,5000.0,2000.0,25
flansmod:glock:0,400.0,200.0,13
flansmod:HK416:0,1250.0,600.0,23
flansmod:judge:0,400.0,200.0,7
flansmod:jury:0,400.0,200.0,10
flansmod:mwKnife:0,400.0,200.0,1
flansmod:l86:0,1400.0,700.0,28
flansmod:l96:0,1800.0,900.0,37
flansmod:m1014:0,600.0,250.0,7
flansmod:m14:0,1700.0,850.0,33
flansmod:m16a4:0,1300.0,650.0,24
flansmod:m1887:0,300.0,150.0,10
flansmod:m1911:0,160.0,50.0,1
flansmod:m21:0,1600.0,800.0,30
flansmod:m249:0,1500.0,750.0,30
flansmod:m40a3:0,1600.0,800.0,28
flansmod:m60:0,1800.0,900.0,33
flansmod:m9:0,180.0,90.0,1
flansmod:makarov:0,100.0,30.0,1
flansmod:mp5:0,500.0,100.0,1
flansmod:MP7:0,600.0,300.0,6
flansmod:mtar:0,1000.0,500.0,17
flansmod:p90:0,900.0,450.0,12
flansmod:panzerfaust3:0,1400.0,700.0,9
flansmod:r700:0,1500.0,600.0,24
flansmod:r870:0,300.0,100.0,13
flansmod:mwRiotShield:0,1200.0,0.0,10
flansmod:rpd:0,800.0,300.0,13
flansmod:rpg:0,1200.0,400.0,7
flansmod:rpk:0,800.0,300.0,11
flansmod:sg550:0,1120.0,360.0,21
flansmod:sigP226:0,160.0,80.0,1
flansmod:SIGP232:0,160.0,80.0,1
flansmod:skorpion:0,240.0,120.0,1
flansmod:spas:0,900.0,450.0,33
flansmod:stinger:0,1400.0,700.0,10
flansmod:usp:0,140.0,70.0,1
flansmod:uzi:0,200.0,100.0,5
flansmod:w1200:0,800.0,400.0,16
flansmod:2Pdr:0,500.0,250.0,5
flansmod:50Cal:0,2000.0,1000.0,13
flansmod:BAR:0,600.0,300.0,1
flansmod:bazooka:0,800.0,400.0,5
flansmod:ww2Binoculars:0,40.0,20.0,1
flansmod:bren:0,2000.0,1000.0,13
flansmod:browning:0,1500.0,750.0,7
flansmod:colt:0,100.0,50.0,1
flansmod:dp28:0,1500.0,750.0,7
flansmod:fg42:0,600.0,300.0,1
flansmod:flamethrower:0,1200.0,600.0,5
flansmod:G43:0,600.0,300.0,1
flansmod:M3A1:0,400.0,200.0,1
flansmod:kar98k:0,600.0,300.0,1
flansmod:kar98kSniper:0,700.0,350.0,1
flansmod:ww2Knife:0,400.0,200.0,1
flansmod:leeEnfield:0,600.0,300.0,1
flansmod:leeEnfieldSniper:0,700.0,350.0,1
flansmod:luger:0,100.0,50.0,1
flansmod:m1Carbine:0,600.0,300.0,1
flansmod:m1Garand:0,600.0,300.0,1
flansmod:MG151:0,2000.0,1000.0,13
flansmod:mg42:0,2000.0,1000.0,13
flansmod:nagant:0,600.0,300.0,1
flansmod:nagantSniper:0,700.0,350.0,1
flansmod:mp40:0,500.0,250.0,1
flansmod:panzerfaust:0,600.0,300.0,3
flansmod:panzerschreck:0,600.0,300.0,3
flansmod:PIAT:0,600.0,300.0,3
flansmod:ppsh:0,600.0,300.0,1
flansmod:springfield:0,600.0,300.0,1
flansmod:springfieldSniper:0,700.0,350.0,1
flansmod:sten:0,500.0,250.0,1
flansmod:mp44:0,500.0,250.0,1
flansmod:thompson:0,500.0,250.0,1
flansmod:trenchgun:0,200.0,100.0,1
flansmod:tt33:0,100.0,50.0,1
flansmod:type100:0,500.0,250.0,1
flansmod:type14:0,100.0,50.0,1
flansmod:type38:0,500.0,250.0,1
flansmod:type38Sniper:0,700.0,350.0,1
flansmod:type99:0,1500.0,750.0,7
flansmod:vickersk:0,2000.0,1000.0,7
flansmod:vickerskGO:0,4500.0,2250.0,13
flansmod:webley:0,100.0,50.0,1
flansmod:baseballBat:0,80.0,40.0,1
flansmod:coltPython:0,400.0,200.0,21
flansmod:doubleBarrelledShotgun:0,500.0,250.0,5
flansmod:flareGun:0,500.0,250.0,1
flansmod:m4Carbine:0,1000.0,350.0,17
flansmod:zombieMachete:0,400.0,200.0,1
flansmod:sledgehammer:0,800.0,400.0,10
flansmod:olympia:0,800.0,400.0,32
flansmod:zomRiotShield:0,1200.0,0.0,10
flansmod:samuraiSword:0,400.0,200.0,1
flansmod:winchesterModel70:0,800.0,250.0,6
flansmod:c4Remote:0,200.0,0.0,3
flansmod:minigunPortableAmmo:0,560.0,280.0,5
flansmod:20mmAmmo:0,400.0,200.0,5
flansmod:37mmAmmo:0,500.0,250.0,5
flansmod:boforsAmmo:0,150.0,75.0,3
flansmod:flakvierlingAmmo:0,700.0,350.0,3
flansmod:British2pdrAPShell:0,250.0,125.0,1
flansmod:Torpedo:0,500.0,250.0,5
flansmod:bearTrap:0,400.0,200.0,3
flansmod:combatKnife:0,500.0,250.0,1
flansmod:surgicalAxe:0,500.0,250.0,2
flansmod:Hellfire:0,600.0,300.0,40
flansmod:mk4Rocket:0,700.0,350.0,15
flansmod:shell:0,250.0,125.0,1
flansmod:HEshell:0,250.0,125.0,5
flansmod:largeBomb:0,500.0,250.0,15
flansmod:napalm:0,600.0,300.0,11
flansmod:smallBomb:0,250.0,125.0,5
flansmod:mim23Ammo:0,700.0,350.0,1
flansmod:crossbow:0,200.0,100.0,1
flansmod:crossbowBolt:0,10.0,5.0,1
flansmod:flanMWSingleFire:0,100.0,50.0,1
flansmod:flanMWBurstFire:0,500.0,250.0,20
flansmod:flanMWAutoFire:0,2500.0,1250.0,40
flansmod:flanMWPistolFlashlight:0,100.0,50.0,1
flansmod:flanMWFlashlight:0,300.0,150.0,1
flansmod:flanMWForegrip:0,1600.0,800.0,36
flansmod:flanMWLongBarrel:0,1800.0,900.0,25
flansmod:flanMWSilencer:0,1500.0,750.0,19
flansmod:flanMWRedDot:0,100.0,50.0,2
flansmod:flanMWACOG:0,250.0,125.0,5
flansmod:ZF4Scope:0,800.0,400.0,3
flansmod:flanMW4xScope:0,1200.0,500.0,21
flansmod:mwBinoculars:0,40.0,20.0,1
flansmod:ww2Mine:0,250.0,125.0,3
flansmod:molotovCocktail:0,250.0,125.0,3
flansmod:mwMedicBag:0,400.0,200.0,5
flansmod:dBattery:0,1000.0,500.0,50
flansmod:mwMedKit:0,250.0,120.0,2
flansmod:at4:0,1500.0,750.0,14
flansmod:m72law:0,1350.0,675.0,9
flansmod:mp5k:0,550.0,250.0,5
flansmod:ActiveRadar:0,1000.0,500.0,15
flansmod:HeatSeeker:0,1000.0,500.0,15
flansmod:105mmAP:0,250.0,125.0,15
flansmod:105mmHE:0,250.0,125.0,15
flansmod:120mmAP:0,300.0,150.0,20
flansmod:120mmHE:0,300.0,150.0,20
flansmod:120mmSabot:0,600.0,300.0,60
flansmod:125mmAP:0,350.0,175.0,25
flansmod:125mmHE:0,350.0,175.0,25
flansmod:125mmAT:0,600.0,300.0,55
flansmod:ArtyShell:0,1000.0,500.0,20
flansmod:25mmHE:0,2750.0,1375.0,25
flansmod:25mm:0,2500.0,1200.0,15
flansmod:30mm:0,3000.0,1500.0,15
flansmod:30mmHE:0,3250.0,1625.0,43
flansmod:20mm:0,1200.0,600.0,15
flansmod:HydraAmmo:0,1500.0,750.0,30
flansmod:SmartAmmo:0,1750.0,875.0,35
flansmod:ZuniAmmo:0,3500.0,1750.0,75
flansmod:minigunExplosiveAmmo:0,2000.0,1000.0,70
flansmod:flanMW8xScope:0,900.0,450.0,43
flansmod:compensator:0,2000.0,1000.0,23
flansmod:vss:0,1400.0,650.0,24
flansmod:vssAmmo:0,80.0,40.0,14
flansmod:spasAmmo:0,15.0,7.5,35
flansmod:honeybadger:0,1450.0,700.0,34
flansmod:hcarAmmo:0,125.0,62.5,1
flansmod:minigunAmmo:0,1500.0,750.0,24
flansmod:honeybadgerAmmo:0,120.0,60.0,4
flansmod:LaserGuided:0,1500.0,750.0,48
flansmod:ump:0,600.0,300.0,8
flansmod:vector:0,900.0,400.0,28
flansmod:umpAmmo:0,50.0,20.0,2
flansmod:a91Ammo:0,125.0,62.5,15
flansmod:AntiAirMissile:0,280.0,140.0,12
flansmod:AGM65:0,600.0,300.0,30
flansmod:GFS_250kg:0,250.0,120.0,14
flansmod:GFS_500kg:0,750.0,375.0,29
flansmod:GFS_1000kg:0,1800.0,900.0,48
flansmod:GFS_BGM71:0,550.0,250.0,25
flansmod:GFS_Air20mmHE:0,2000.0,1000.0,24
flansmod:GFS_Air25mmHE:0,2000.0,1000.0,21
flansmod:GFS_Air30mmHE:0,2200.0,1100.0,29
flansmod:GFS_Air20mm:0,2400.0,1200.0,36
flansmod:GFS_Air25mm:0,2400.0,1200.0,32
flansmod:GFS_Air30mm:0,2600.0,1300.0,42
flansmod:3xScope:0,1000.0,500.0,19
flansmod:122mm:0,250.0,125.0,10
flansmod:aps:0,1400.0,700.0,19
flansmod:apsAmmo:0,140.0,70.0,9
flansmod:3xScope:0,1000.0,500.0,19
flansmod:psoScope:0,750.0,375.0,16
flansmod:ash12Ammo:0,500.0,170.0,54
flansmod:sks:0,500.0,120.0,2
flansmod:sksAmmo:0,70.0,35.0,1
flansmod:sksExtendedAmmo:0,120.0,60.0,6
flansmod:40mmDrumBox:0,1100.0,550.0,17
flansmod:apBulletsUpgrade:0,2100.0,550.0,24
flansmod:MCB_M933:0,400.0,200.0,6
flansmod:buggy:0,1000.0,500.0,1
flansmod:Biplane:0,1500.0,800.0,1
flansmod:TwoSeatBiplane:0,1900.0,950.0,2
flansmod:Camel:0,2500.0,1250.0,5
flansmod:Fokker:0,2500.0,1250.0,5
flansmod:Jeep:0,2666.0,1332.0,5
flansmod:Kubel:0,2666.0,1333.0,5
flansmod:bofors:0,2666.0,1333.0,7
flansmod:M157mm:0,3000.0,1500.0,7
flansmod:Pak40:0,3000.0,1500.0,7
flansmod:flakvierling:0,3333.0,1666.0,7
flansmod:SdkFz2:0,3666.0,1833.0,5
flansmod:LittleBird:0,3666.0,1833.0,3
flansmod:mim23:0,3666.0,1833.0,15
flansmod:UC2Pdr:0,4000.0,2000.0,9
flansmod:Spitfire:0,5000.0,2500.0,10
flansmod:yak9:0,5000.0,2500.0,10
flansmod:zero:0,5000.0,2500.0,10
flansmod:BF109:0,5000.0,2500.0,10
flansmod:Mustang:0,5000.0,2500.0,10
flansmod:Greyhound:0,5000.0,2500.0,11
flansmod:BlackHawk:0,5000.0,2500.0,13
flansmod:Type4HoRo:0,5333.0,2666.0,11
flansmod:Crusader:0,5333.0,2666.0,11
flansmod:PanzerIIL:0,5333.0,2666.0,11
flansmod:ChiHa:0,5333.0,2666.0,11
flansmod:Chaffee:0,5333.0,2666.0,12
flansmod:SdkFz251:0,5666.0,2833.0,7
flansmod:Cromwell:0,6000.0,3000.0,13
flansmod:Fury:0,6000.0,3000.0,13
flansmod:T34:0,6000.0,3000.0,13
flansmod:ChiNu:0,6000.0,3000.0,13
flansmod:StuG:0,6000.0,3000.0,13
flansmod:Panzer:0,6000.0,3000.0,13
flansmod:chinook:0,6500.0,3200.0,15
flansmod:TigerII:0,6333.0,3166.0,13
flansmod:Tiger131:0,6333.0,3166.0,13
flansmod:Tiger:0,6333.0,3166.0,13
flansmod:KV1:0,6400.0,3200.0,13
flansmod:Churchill:0,6400.0,3200.0,13
flansmod:SASJeep:0,7333.0,3666.0,5
flansmod:cobra:0,7000.0,3500.0,25
flansmod:Lancaster:0,8000.0,4000.0,11
flansmod:EC665:0,11000.0,5500.0,36
flansmod:f22:0,11100.0,5550.0,39
flansmod:ApacheAH64:0,11000.0,5500.0,41
flansmod:A10:0,17000.0,8000.0,80
flansmod:Vodnik:0,3000.0,1500.0,7
flansmod:LilBird:0,8000.0,4000.0,30
flansmod:MCV:0,6000.0,3000.0,17
flansmod:LAV25:0,7000.0,3500.0,27
flansmod:PGZ95:0,6000.0,3000.0,23
flansmod:AbramsTusk:0,13000.0,6500.0,55
flansmod:ZBD09:0,6000.0,3000.0,21
flansmod:LAVAD:0,6500.0,3250.0,28
flansmod:T-90:0,13000.0,6500.0,57
flansmod:BMPT72:0,12500.0,6250.0,53
flansmod:Tungusta:0,7000.0,3500.0,34
flansmod:Type89:0,6000.0,3000.0,25
flansmod:BTR90:0,5500.0,2700.0,17
flansmod:Himars:0,4000.0,2000.0,30
flansmod:ZTD-09:0,7000.0,3500.0,20
flansmod:M1128A2:0,9000.0,4500.0,38
flansmod:M1126:0,4500.0,2200.0,20
flansmod:M1128:0,8600.0,4300.0,25
flansmod:Abrams:0,10000.0,5000.0,49
flansmod:Mi28:0,13500.0,6750.0,52
flansmod:Z10W:0,15000.0,7500.0,64
flansmod:Comanche:0,8000.0,4000.0,40
flansmod:Comanche2:0,17500.0,8750.0,85
flansmod:UH1Y:0,6000.0,3000.0,17
flansmod:AH1Z:0,14000.0,7000.0,63
flansmod:fuelCan:0,200.0,100.0,1
flansmod:blowTorch:0,220.0,110.0,1
flansmod:mwParachute:0,100.0,50.0,1
flansmod:flareGunAmmo:0,60.0,30.0,1
flansmod:Type87:0,6200.0,3100.0,24
flansmod:Flak88:0,4500.0,2250.0,15
flansmod:GFS_F18E:0,13000.0,6500.0,63
flansmod:GFS_Ka52:0,9000.0,4500.0,46
flansmod:GFS_Ka60:0,5500.0,2750.0,14
flansmod:GFS_TornadoGR4:0,9800.0,4900.0,51
flansmod:GFS_F35B:0,12000.0,6000.0,70
flansmod:GFS_F35C:0,10000.0,5000.0,42
flansmod:GFS_F35B2:0,11200.0,5600.0,55
flansmod:GFS_Su33:0,11000.0,5500.0,46
flansmod:GFS_Q5:0,9000.0,4500.0,32
flansmod:GFS_J31:0,10500.0,5250.0,44
flansmod:GFS_HumTOW:0,4400.0,2200.0,15
flansmod:GFS_HumM134:0,3800.0,1600.0,9
flansmod:GFS_HumMk19:0,4200.0,2100.0,21
flansmod:GFS_CougarH:0,4600.0,2300.0,32
flansmod:GFS_J-LTV:0,4500.0,2250.0,16
flansmod:Type10:0,7000.0,3500.0,19
flansmod:ChallyII:0,8000.0,4000.0,22
flansmod:GFS_HumV:0,4200.0,2000.0,13
flansmod:GFS_HumV:0,3800.0,1600.0,7
flansmod:GFS_ASRAD:0,5200.0,2600.0,18
flansmod:GFS_TOW:0,3000.0,1500.0,8
flansmod:SprutSD:0,7800.0,3900.0,26
flansmod:smokeScreen:0,150.0,75.0,5
flansmod:Grad:0,3000.0,1500.0,18
flansmod:MCB_M120:0,2500.0,1250.0,7
minecraft:wooden_sword:0,2.0,1.0,1
minecraft:wooden_shovel:0,3.0,1.0,1
minecraft:wooden_pickaxe:0,4.0,2.0,1
minecraft:wooden_axe:0,4.0,2.0,1
minecraft:wooden_hoe:0,3.0,1.0,1
minecraft:stone_sword:0,3.0,1.0,1
minecraft:stone_pickaxe:0,5.0,2.0,1
minecraft:stone_axe:0,5.0,2.0,1
minecraft:stone_shovel:0,3.0,2.0,1
minecraft:stone_hoe:0,3.0,1.0,1
minecraft:iron_sword:0,100.0,10.0,1
minecraft:iron_pickaxe:0,150.0,15.0,1
minecraft:iron_axe:0,150.0,15.0,1
minecraft:iron_shovel:0,50.0,5.0,1
minecraft:iron_hoe:0,50.0,5.0,1
minecraft:bow:0,4.0,2.0,1
minecraft:arrow:0,2.0,1.0,1
flansmod:mwParachute:0,100.0,40.0,3
minecraft:saddle:0,500.0,250.0,5
minecraft:iron_horse_armor:0,200.0,100.0,7
minecraft:golden_horse_armor:0,400.0,200.0,10
minecraft:diamond_horse_armor:0,800.0,400.0,15
